EPOSTA,randommail@gmail.com,1,HS_WEB,01-05-2023 23:59:59,100000
EPOSTA,randommail@gmail.com,1,HS_WEB,01-05-2023 23:59:59,100000
EPOSTA,randommail@gmail.com,1,HS_WEB,01-05-2023 23:59:59,100000
EPOSTA,randommail@gmail.com,1,HS_WEB,01-05-2023 23:59:59,100000
EPOSTA,randommail@gmail.com,1,HS_WEB,01-05-2023 23:59:59,100000
EPOSTA,randommail@gmail.com,1,HS_WEB,01-05-2023 23:59:59,100000
EPOSTA,randommail@gmail.com,1,HS_WEB,01-05-2023 23:59:59,100000
EPOSTA,randommail@gmail.com,1,HS_WEB,01-05-2023 23:59:59,100000
EPOSTA,randommail@gmail.com,1,HS_WEB,01-05-2023 23:59:59,100000
EPOSTA,randommail@gmail.com,1,HS_WEB,01-05-2023 23:59:59,100000
EPOSTA,randommail@gmail.com,1,HS_WEB,01-05-2023 23:59:59,100000
EPOSTA,randommail@gmail.com,1,HS_WEB,01-05-2023 23:59:59,100000
EPOSTA,randommail@gmail.com,1,HS_WEB,01-05-2023 23:59:59,100000
EPOSTA,randommail@gmail.com,1,HS_WEB,01-05-2023 23:59:59,100000
EPOSTA,randommail@gmail.com,1,HS_WEB,01-05-2023 23:59:59,100000
EPOSTA,randommail@gmail.com,1,HS_WEB,01-05-2023 23:59:59,100000
EPOSTA,randommail@gmail.com,1,HS_WEB,01-05-2023 23:59:59,100000
EPOSTA,randommail@gmail.com,1,HS_WEB,01-05-2023 23:59:59,100000
EPOSTA,randommail@gmail.com,1,HS_WEB,01-05-2023 23:59:59,100000
EPOSTA,randommail@gmail.com,1,HS_WEB,01-05-2023 23:59:59,100000
EPOSTA,randommail@gmail.com,1,HS_WEB,01-05-2023 23:59:59,100000
EPOSTA,randommail@gmail.com,1,HS_WEB,01-05-2023 23:59:59,100000
EPOSTA,randommail@gmail.com,1,HS_WEB,01-05-2023 23:59:59,100000
EPOSTA,randommail@gmail.com,1,HS_WEB,01-05-2023 23:59:59,100000
EPOSTA,randommail@gmail.com,1,HS_WEB,01-05-2023 23:59:59,100000
EPOSTA,randommail@gmail.com,1,HS_WEB,01-05-2023 23:59:59,100000
EPOSTA,randommail@gmail.com,1,HS_WEB,01-05-2023 23:59:59,100000
EPOSTA,randommail@gmail.com,1,HS_WEB,01-05-2023 23:59:59,100000
EPOSTA,randommail@gmail.com,1,HS_WEB,01-05-2023 23:59:59,100000
EPOSTA,randommail@gmail.com,1,HS_WEB,01-05-2023 23:59:59,100000
EPOSTA,randommail@gmail.com,1,HS_WEB,01-05-2023 23:59:59,100000
EPOSTA,randommail@gmail.com,1,HS_WEB,01-05-2023 23:59:59,100000
EPOSTA,randommail@gmail.com,1,HS_WEB,01-05-2023 23:59:59,100000
EPOSTA,randommail@gmail.com,1,HS_WEB,01-05-2023 23:59:59,100000
EPOSTA,randommail@gmail.com,1,HS_WEB,01-05-2023 23:59:59,100000
EPOSTA,randommail@gmail.com,1,HS_WEB,01-05-2023 23:59:59,100000
EPOSTA,randommail@gmail.com,1,HS_WEB,01-05-2023 23:59:59,100000
EPOSTA,randommail@gmail.com,1,HS_WEB,01-05-2023 23:59:59,100000
EPOSTA,randommail@gmail.com,1,HS_WEB,01-05-2023 23:59:59,100000
EPOSTA,randommail@gmail.com,1,HS_WEB,01-05-2023 23:59:59,100000
EPOSTA,randommail@gmail.com,1,HS_WEB,01-05-2023 23:59:59,100000
EPOSTA,randommail@gmail.com,1,HS_WEB,01-05-2023 23:59:59,100000
EPOSTA,randommail@gmail.com,1,HS_WEB,01-05-2023 23:59:59,100000
EPOSTA,randommail@gmail.com,1,HS_WEB,01-05-2023 23:59:59,100000
EPOSTA,randommail@gmail.com,1,HS_WEB,01-05-2023 23:59:59,100000
EPOSTA,randommail@gmail.com,1,HS_WEB,01-05-2023 23:59:59,100000
EPOSTA,randommail@gmail.com,1,HS_WEB,01-05-2023 23:59:59,100000
EPOSTA,randommail@gmail.com,1,HS_WEB,01-05-2023 23:59:59,100000
EPOSTA,randommail@gmail.com,1,HS_WEB,01-05-2023 23:59:59,100000
EPOSTA,randommail@gmail.com,1,HS_WEB,01-05-2023 23:59:59,100000
EPOSTA,randommail@gmail.com,1,HS_WEB,01-05-2023 23:59:59,100000
EPOSTA,randommail@gmail.com,1,HS_WEB,01-05-2023 23:59:59,100000
EPOSTA,randommail@gmail.com,1,HS_WEB,01-05-2023 23:59:59,100000
EPOSTA,randommail@gmail.com,1,HS_WEB,01-05-2023 23:59:59,100000
EPOSTA,randommail@gmail.com,1,HS_WEB,01-05-2023 23:59:59,100000
EPOSTA,randommail@gmail.com,1,HS_WEB,01-05-2023 23:59:59,100000
EPOSTA,randommail@gmail.com,1,HS_WEB,01-05-2023 23:59:59,100000
EPOSTA,randommail@gmail.com,1,HS_WEB,01-05-2023 23:59:59,100000
EPOSTA,randommail@gmail.com,1,HS_WEB,01-05-2023 23:59:59,100000
EPOSTA,randommail@gmail.com,1,HS_WEB,01-05-2023 23:59:59,100000
EPOSTA,randommail@gmail.com,1,HS_WEB,01-05-2023 23:59:59,100000
EPOSTA,randommail@gmail.com,1,HS_WEB,01-05-2023 23:59:59,100000
EPOSTA,randommail@gmail.com,1,HS_WEB,01-05-2023 23:59:59,100000
EPOSTA,randommail@gmail.com,1,HS_WEB,01-05-2023 23:59:59,100000
EPOSTA,randommail@gmail.com,1,HS_WEB,01-05-2023 23:59:59,100000
EPOSTA,randommail@gmail.com,1,HS_WEB,01-05-2023 23:59:59,100000
EPOSTA,randommail@gmail.com,1,HS_WEB,01-05-2023 23:59:59,100000
EPOSTA,randommail@gmail.com,1,HS_WEB,01-05-2023 23:59:59,100000
EPOSTA,randommail@gmail.com,1,HS_WEB,01-05-2023 23:59:59,100000
EPOSTA,randommail@gmail.com,1,HS_WEB,01-05-2023 23:59:59,100000
EPOSTA,randommail@gmail.com,1,HS_WEB,01-05-2023 23:59:59,100000
EPOSTA,randommail@gmail.com,1,HS_WEB,01-05-2023 23:59:59,100000
EPOSTA,randommail@gmail.com,1,HS_WEB,01-05-2023 23:59:59,100000
EPOSTA,randommail@gmail.com,1,HS_WEB,01-05-2023 23:59:59,100000
EPOSTA,randommail@gmail.com,1,HS_WEB,01-05-2023 23:59:59,100000
EPOSTA,randommail@gmail.com,1,HS_WEB,01-05-2023 23:59:59,100000
EPOSTA,randommail@gmail.com,1,HS_WEB,01-05-2023 23:59:59,100000
EPOSTA,randommail@gmail.com,1,HS_WEB,01-05-2023 23:59:59,100000
EPOSTA,randommail@gmail.com,1,HS_WEB,01-05-2023 23:59:59,100000
EPOSTA,randommail@gmail.com,1,HS_WEB,01-05-2023 23:59:59,100000
EPOSTA,randommail@gmail.com,1,HS_WEB,01-05-2023 23:59:59,100000
EPOSTA,randommail@gmail.com,1,HS_WEB,01-05-2023 23:59:59,100000
EPOSTA,randommail@gmail.com,1,HS_WEB,01-05-2023 23:59:59,100000
EPOSTA,randommail@gmail.com,1,HS_WEB,01-05-2023 23:59:59,100000
EPOSTA,randommail@gmail.com,1,HS_WEB,01-05-2023 23:59:59,100000
EPOSTA,randommail@gmail.com,1,HS_WEB,01-05-2023 23:59:59,100000
EPOSTA,randommail@gmail.com,1,HS_WEB,01-05-2023 23:59:59,100000
EPOSTA,randommail@gmail.com,1,HS_WEB,01-05-2023 23:59:59,100000
EPOSTA,randommail@gmail.com,1,HS_WEB,01-05-2023 23:59:59,100000
EPOSTA,randommail@gmail.com,1,HS_WEB,01-05-2023 23:59:59,100000
EPOSTA,randommail@gmail.com,1,HS_WEB,01-05-2023 23:59:59,100000
EPOSTA,randommail@gmail.com,1,HS_WEB,01-05-2023 23:59:59,100000
EPOSTA,randommail@gmail.com,1,HS_WEB,01-05-2023 23:59:59,100000
EPOSTA,randommail@gmail.com,1,HS_WEB,01-05-2023 23:59:59,100000
EPOSTA,randommail@gmail.com,1,HS_WEB,01-05-2023 23:59:59,100000
EPOSTA,randommail@gmail.com,1,HS_WEB,01-05-2023 23:59:59,100000
EPOSTA,randommail@gmail.com,1,HS_WEB,01-05-2023 23:59:59,100000
EPOSTA,randommail@gmail.com,1,HS_WEB,01-05-2023 23:59:59,100000
EPOSTA,randommail@gmail.com,1,HS_WEB,01-05-2023 23:59:59,100000
EPOSTA,randommail@gmail.com,1,HS_WEB,01-05-2023 23:59:59,100000
EPOSTA,randommail@gmail.com,1,HS_WEB,01-05-2023 23:59:59,100000
EPOSTA,randommail@gmail.com,1,HS_WEB,01-05-2023 23:59:59,100000
EPOSTA,randommail@gmail.com,1,HS_WEB,01-05-2023 23:59:59,100000
EPOSTA,randommail@gmail.com,1,HS_WEB,01-05-2023 23:59:59,100000
EPOSTA,randommail@gmail.com,1,HS_WEB,01-05-2023 23:59:59,100000
EPOSTA,randommail@gmail.com,1,HS_WEB,01-05-2023 23:59:59,100000
EPOSTA,randommail@gmail.com,1,HS_WEB,01-05-2023 23:59:59,100000
EPOSTA,randommail@gmail.com,1,HS_WEB,01-05-2023 23:59:59,100000
EPOSTA,randommail@gmail.com,1,HS_WEB,01-05-2023 23:59:59,100000
EPOSTA,randommail@gmail.com,1,HS_WEB,01-05-2023 23:59:59,100000
EPOSTA,randommail@gmail.com,1,HS_WEB,01-05-2023 23:59:59,100000
EPOSTA,randommail@gmail.com,1,HS_WEB,01-05-2023 23:59:59,100000
EPOSTA,randommail@gmail.com,1,HS_WEB,01-05-2023 23:59:59,100000
EPOSTA,randommail@gmail.com,1,HS_WEB,01-05-2023 23:59:59,100000
EPOSTA,randommail@gmail.com,1,HS_WEB,01-05-2023 23:59:59,100000
EPOSTA,randommail@gmail.com,1,HS_WEB,01-05-2023 23:59:59,100000
EPOSTA,randommail@gmail.com,1,HS_WEB,01-05-2023 23:59:59,100000
EPOSTA,randommail@gmail.com,1,HS_WEB,01-05-2023 23:59:59,100000
EPOSTA,randommail@gmail.com,1,HS_WEB,01-05-2023 23:59:59,100000
EPOSTA,randommail@gmail.com,1,HS_WEB,01-05-2023 23:59:59,100000
EPOSTA,randommail@gmail.com,1,HS_WEB,01-05-2023 23:59:59,100000
EPOSTA,randommail@gmail.com,1,HS_WEB,01-05-2023 23:59:59,100000
EPOSTA,randommail@gmail.com,1,HS_WEB,01-05-2023 23:59:59,100000
EPOSTA,randommail@gmail.com,1,HS_WEB,01-05-2023 23:59:59,100000
EPOSTA,randommail@gmail.com,1,HS_WEB,01-05-2023 23:59:59,100000
EPOSTA,randommail@gmail.com,1,HS_WEB,01-05-2023 23:59:59,100000
EPOSTA,randommail@gmail.com,1,HS_WEB,01-05-2023 23:59:59,100000
EPOSTA,randommail@gmail.com,1,HS_WEB,01-05-2023 23:59:59,100000
EPOSTA,randommail@gmail.com,1,HS_WEB,01-05-2023 23:59:59,100000
EPOSTA,randommail@gmail.com,1,HS_WEB,01-05-2023 23:59:59,100000
EPOSTA,randommail@gmail.com,1,HS_WEB,01-05-2023 23:59:59,100000
EPOSTA,randommail@gmail.com,1,HS_WEB,01-05-2023 23:59:59,100000
EPOSTA,randommail@gmail.com,1,HS_WEB,01-05-2023 23:59:59,100000
EPOSTA,randommail@gmail.com,1,HS_WEB,01-05-2023 23:59:59,100000
EPOSTA,randommail@gmail.com,1,HS_WEB,01-05-2023 23:59:59,100000
EPOSTA,randommail@gmail.com,1,HS_WEB,01-05-2023 23:59:59,100000
EPOSTA,randommail@gmail.com,1,HS_WEB,01-05-2023 23:59:59,100000
EPOSTA,randommail@gmail.com,1,HS_WEB,01-05-2023 23:59:59,100000
EPOSTA,randommail@gmail.com,1,HS_WEB,01-05-2023 23:59:59,100000
EPOSTA,randommail@gmail.com,1,HS_WEB,01-05-2023 23:59:59,100000
EPOSTA,randommail@gmail.com,1,HS_WEB,01-05-2023 23:59:59,100000
EPOSTA,randommail@gmail.com,1,HS_WEB,01-05-2023 23:59:59,100000
EPOSTA,randommail@gmail.com,1,HS_WEB,01-05-2023 23:59:59,100000
EPOSTA,randommail@gmail.com,1,HS_WEB,01-05-2023 23:59:59,100000
EPOSTA,randommail@gmail.com,1,HS_WEB,01-05-2023 23:59:59,100000
EPOSTA,randommail@gmail.com,1,HS_WEB,01-05-2023 23:59:59,100000
EPOSTA,randommail@gmail.com,1,HS_WEB,01-05-2023 23:59:59,100000
EPOSTA,randommail@gmail.com,1,HS_WEB,01-05-2023 23:59:59,100000
EPOSTA,randommail@gmail.com,1,HS_WEB,01-05-2023 23:59:59,100000
EPOSTA,randommail@gmail.com,1,HS_WEB,01-05-2023 23:59:59,100000
EPOSTA,randommail@gmail.com,1,HS_WEB,01-05-2023 23:59:59,100000
EPOSTA,randommail@gmail.com,1,HS_WEB,01-05-2023 23:59:59,100000
EPOSTA,randommail@gmail.com,1,HS_WEB,01-05-2023 23:59:59,100000
EPOSTA,randommail@gmail.com,1,HS_WEB,01-05-2023 23:59:59,100000
EPOSTA,randommail@gmail.com,1,HS_WEB,01-05-2023 23:59:59,100000
EPOSTA,randommail@gmail.com,1,HS_WEB,01-05-2023 23:59:59,100000
EPOSTA,randommail@gmail.com,1,HS_WEB,01-05-2023 23:59:59,100000
EPOSTA,randommail@gmail.com,1,HS_WEB,01-05-2023 23:59:59,100000
EPOSTA,randommail@gmail.com,1,HS_WEB,01-05-2023 23:59:59,100000
EPOSTA,randommail@gmail.com,1,HS_WEB,01-05-2023 23:59:59,100000
EPOSTA,randommail@gmail.com,1,HS_WEB,01-05-2023 23:59:59,100000
EPOSTA,randommail@gmail.com,1,HS_WEB,01-05-2023 23:59:59,100000
EPOSTA,randommail@gmail.com,1,HS_WEB,01-05-2023 23:59:59,100000
EPOSTA,randommail@gmail.com,1,HS_WEB,01-05-2023 23:59:59,100000
EPOSTA,randommail@gmail.com,1,HS_WEB,01-05-2023 23:59:59,100000
EPOSTA,randommail@gmail.com,1,HS_WEB,01-05-2023 23:59:59,100000
EPOSTA,randommail@gmail.com,1,HS_WEB,01-05-2023 23:59:59,100000
EPOSTA,randommail@gmail.com,1,HS_WEB,01-05-2023 23:59:59,100000
EPOSTA,randommail@gmail.com,1,HS_WEB,01-05-2023 23:59:59,100000
EPOSTA,randommail@gmail.com,1,HS_WEB,01-05-2023 23:59:59,100000
EPOSTA,randommail@gmail.com,1,HS_WEB,01-05-2023 23:59:59,100000
EPOSTA,randommail@gmail.com,1,HS_WEB,01-05-2023 23:59:59,100000
EPOSTA,randommail@gmail.com,1,HS_WEB,01-05-2023 23:59:59,100000
EPOSTA,randommail@gmail.com,1,HS_WEB,01-05-2023 23:59:59,100000
EPOSTA,randommail@gmail.com,1,HS_WEB,01-05-2023 23:59:59,100000
EPOSTA,randommail@gmail.com,1,HS_WEB,01-05-2023 23:59:59,100000
EPOSTA,randommail@gmail.com,1,HS_WEB,01-05-2023 23:59:59,100000
EPOSTA,randommail@gmail.com,1,HS_WEB,01-05-2023 23:59:59,100000
EPOSTA,randommail@gmail.com,1,HS_WEB,01-05-2023 23:59:59,100000
EPOSTA,randommail@gmail.com,1,HS_WEB,01-05-2023 23:59:59,100000
EPOSTA,randommail@gmail.com,1,HS_WEB,01-05-2023 23:59:59,100000
EPOSTA,randommail@gmail.com,1,HS_WEB,01-05-2023 23:59:59,100000
EPOSTA,randommail@gmail.com,1,HS_WEB,01-05-2023 23:59:59,100000
EPOSTA,randommail@gmail.com,1,HS_WEB,01-05-2023 23:59:59,100000
EPOSTA,randommail@gmail.com,1,HS_WEB,01-05-2023 23:59:59,100000
EPOSTA,randommail@gmail.com,1,HS_WEB,01-05-2023 23:59:59,100000
EPOSTA,randommail@gmail.com,1,HS_WEB,01-05-2023 23:59:59,100000
EPOSTA,randommail@gmail.com,1,HS_WEB,01-05-2023 23:59:59,100000
EPOSTA,randommail@gmail.com,1,HS_WEB,01-05-2023 23:59:59,100000
EPOSTA,randommail@gmail.com,1,HS_WEB,01-05-2023 23:59:59,100000
EPOSTA,randommail@gmail.com,1,HS_WEB,01-05-2023 23:59:59,100000
EPOSTA,randommail@gmail.com,1,HS_WEB,01-05-2023 23:59:59,100000
EPOSTA,randommail@gmail.com,1,HS_WEB,01-05-2023 23:59:59,100000
EPOSTA,randommail@gmail.com,1,HS_WEB,01-05-2023 23:59:59,100000
EPOSTA,randommail@gmail.com,1,HS_WEB,01-05-2023 23:59:59,100000
EPOSTA,randommail@gmail.com,1,HS_WEB,01-05-2023 23:59:59,100000
EPOSTA,randommail@gmail.com,1,HS_WEB,01-05-2023 23:59:59,100000
EPOSTA,randommail@gmail.com,1,HS_WEB,01-05-2023 23:59:59,100000
EPOSTA,randommail@gmail.com,1,HS_WEB,01-05-2023 23:59:59,100000
EPOSTA,randommail@gmail.com,1,HS_WEB,01-05-2023 23:59:59,100000